epoch,train_loss,train_dice,train_iou,val_loss,val_dice,val_iou
48,0.2651245315869649,0.6555225723319583,0.5144137943784396,0.2898469656705856,0.6478648602962493,0.501809510588646
