epoch,train_loss,train_dice,train_iou,train_time_s,val_loss,val_dice,val_iou,val_time_s,learning_rate
49,0.0010542624564234,0.0934670256531756,0.0504894108794953,3.87,0.0009843902080319,0.1087795563042163,0.061955825984478,0.41,1.4817305972922728e-06
