epoch,train_loss,train_dice,train_iou,train_time_s,val_loss,val_dice,val_iou,val_time_s,learning_rate
42,0.2620838872696224,0.7401476235030905,0.6350854647799248,26.05,0.4766271412372589,0.5239390775415813,0.3926506385061657,1.79,6.88742638214519e-06
