epoch,train_loss,train_dice,train_iou,val_loss,val_dice,val_iou
50,0.4563998149500953,0.6005252122051186,0.4590039720965756,0.4630902498960495,0.631943193078041,0.4831500276923179
