epoch,train_loss,train_dice,train_iou,val_loss,val_dice,val_iou
50,0.0009006730397231,0.1128986685077467,0.0616554071141012,0.001061215030495,0.1234030671417713,0.0716536954045295
