epoch,train_loss,train_dice,train_iou,val_loss,val_dice,val_iou
48,0.2378228462260702,0.7621771537739298,0.6234643666640572,0.3256765007972717,0.6743234992027283,0.5273287236690521
