epoch,train_loss,train_dice,train_iou,val_loss,val_dice,val_iou
43,0.4871161580085754,0.6674580093887117,0.5242467105388642,0.5128375113010406,0.6673508882522583,0.5152083098888397
