epoch,train_loss,train_dice,train_iou,val_loss,val_dice,val_iou
43,0.1142724341024523,0.7754933859990991,0.6437974649926891,0.1631866842508316,0.6790875911712646,0.5347120523452759
