epoch,train_loss,train_dice,train_iou,val_loss,val_dice,val_iou
48,0.0024422501472549,0.43427454776053,0.304363956350264,0.002442347665783,0.3725417092442512,0.2504148229956627
