epoch,train_loss,train_dice,train_iou,val_loss,val_dice,val_iou
43,0.1867405785166699,0.6486854449562405,0.4993653277988019,0.1901949673891067,0.6435760617256164,0.4926576793193817
